name,url
Abyss Attack Dog,https://darksouls.fandom.com/wiki/Abyss_Attack_Dog
Asylum Demon,https://darksouls.fandom.com/wiki/Asylum_Demon
Attack Dog,https://darksouls.fandom.com/wiki/Attack_Dog
Baby Skeleton,https://darksouls.fandom.com/wiki/Baby_Skeleton
Balder Knight,https://darksouls.fandom.com/wiki/Balder_Knight
Banshee,https://darksouls.fandom.com/wiki/Banshee
Basilisk,https://darksouls.fandom.com/wiki/Basilisk
Batwing Demon,https://darksouls.fandom.com/wiki/Batwing_Demon
Bed of Chaos,https://darksouls.fandom.com/wiki/Bed_of_Chaos
Bell Gargoyles,https://darksouls.fandom.com/wiki/Bell_Gargoyles
Berenike Knight,https://darksouls.fandom.com/wiki/Berenike_Knight
Black Knight,https://darksouls.fandom.com/wiki/Black_Knight
Bloathead,https://darksouls.fandom.com/wiki/Bloathead
Bloathead Sorcerer,https://darksouls.fandom.com/wiki/Bloathead_Sorcerer
Blowdart Sniper,https://darksouls.fandom.com/wiki/Blowdart_Sniper
Blue Drake,https://darksouls.fandom.com/wiki/Blue_Drake
Bone Tower,https://darksouls.fandom.com/wiki/Bone_Tower
Bonewheel Skeleton,https://darksouls.fandom.com/wiki/Bonewheel_Skeleton
Bounding Demon of Izalith,https://darksouls.fandom.com/wiki/Bounding_Demon_of_Izalith
Burrowing Rockworm,https://darksouls.fandom.com/wiki/Burrowing_Rockworm
Butcher,https://darksouls.fandom.com/wiki/Butcher
Capra Demon,https://darksouls.fandom.com/wiki/Capra_Demon
Ceaseless Discharge,https://darksouls.fandom.com/wiki/Ceaseless_Discharge
Centipede Demon,https://darksouls.fandom.com/wiki/Centipede_Demon
Chained Prisoner,https://darksouls.fandom.com/wiki/Chained_Prisoner
Channeler,https://darksouls.fandom.com/wiki/Channeler
Chaos Bug,https://darksouls.fandom.com/wiki/Chaos_Bug
Chaos Eater,https://darksouls.fandom.com/wiki/Chaos_Eater
Chaos Witch Quelaag,https://darksouls.fandom.com/wiki/Chaos_Witch_Quelaag
Cragspider,https://darksouls.fandom.com/wiki/Cragspider
Crestfallen Warrior,https://darksouls.fandom.com/wiki/Crestfallen_Warrior
Crow Demon,https://darksouls.fandom.com/wiki/Crow_Demon
Crystal Golem,https://darksouls.fandom.com/wiki/Crystal_Golem
Crystal Knight,https://darksouls.fandom.com/wiki/Crystal_Knight
Crystal Lizard,https://darksouls.fandom.com/wiki/Crystal_Lizard
Darkmoon Soldier (Greatsword),https://darksouls.fandom.com/wiki/Darkmoon_Soldier_(Greatsword)
Darkmoon Soldier (Sword),https://darksouls.fandom.com/wiki/Darkmoon_Soldier_(Sword)
Darkwraith,https://darksouls.fandom.com/wiki/Darkwraith_(enemy)
Demon Firesage,https://darksouls.fandom.com/wiki/Demon_Firesage
Demonic Foliage,https://darksouls.fandom.com/wiki/Demonic_Foliage
Demonic Statue,https://darksouls.fandom.com/wiki/Demonic_Statue
Egg Burdened,https://darksouls.fandom.com/wiki/Egg_Burdened
Engorged Hollow,https://darksouls.fandom.com/wiki/Engorged_Hollow
Fang Boar,https://darksouls.fandom.com/wiki/Fang_Boar
Flaming Attack Dog,https://darksouls.fandom.com/wiki/Flaming_Attack_Dog
Forest Hunter Archer,https://darksouls.fandom.com/wiki/Forest_Hunter_Archer
Forest Hunter Bandit,https://darksouls.fandom.com/wiki/Forest_Hunter_Bandit
Forest Hunter Cleric,https://darksouls.fandom.com/wiki/Forest_Hunter_Cleric
Forest Hunter Knight,https://darksouls.fandom.com/wiki/Forest_Hunter_Knight
Forest Hunter Sorcerer,https://darksouls.fandom.com/wiki/Forest_Hunter_Sorcerer
Forest Hunter Thief,https://darksouls.fandom.com/wiki/Forest_Hunter_Thief
Frog-Ray,https://darksouls.fandom.com/wiki/Frog-Ray
Gaping Dragon,https://darksouls.fandom.com/wiki/Gaping_Dragon
Ghost,https://darksouls.fandom.com/wiki/Ghost
Giant,https://darksouls.fandom.com/wiki/Giant
Giant Clam,https://darksouls.fandom.com/wiki/Giant_Clam
Giant Leech,https://darksouls.fandom.com/wiki/Giant_Leech
Giant Mosquito,https://darksouls.fandom.com/wiki/Giant_Mosquito
Giant Skeleton,https://darksouls.fandom.com/wiki/Giant_Skeleton
Giant Undead Rat,https://darksouls.fandom.com/wiki/Giant_Undead_Rat
Golden Crystal Golem,https://darksouls.fandom.com/wiki/Golden_Crystal_Golem
Great Feline,https://darksouls.fandom.com/wiki/Great_Feline
Guardian,https://darksouls.fandom.com/wiki/Guardian
Hellkite Dragon,https://darksouls.fandom.com/wiki/Hellkite_Dragon
Hollow,https://darksouls.fandom.com/wiki/Hollow_(enemy)
Hollow Soldier,https://darksouls.fandom.com/wiki/Hollow_Soldier
Hollow Thief,https://darksouls.fandom.com/wiki/Hollow_Thief
Hollow Warrior,https://darksouls.fandom.com/wiki/Hollow_Warrior
Humanity Phantom,https://darksouls.fandom.com/wiki/Humanity_Phantom
Hydra,https://darksouls.fandom.com/wiki/Hydra
Infested Barbarian,https://darksouls.fandom.com/wiki/Infested_Barbarian
Infested Ghoul,https://darksouls.fandom.com/wiki/Infested_Ghoul
Iron Golem,https://darksouls.fandom.com/wiki/Iron_Golem
Mass of Souls,https://darksouls.fandom.com/wiki/Mass_of_Souls
Mimic,https://darksouls.fandom.com/wiki/Mimic
Moonlight Butterfly,https://darksouls.fandom.com/wiki/Moonlight_Butterfly
Mushroom Child,https://darksouls.fandom.com/wiki/Mushroom_Child
Mushroom Parent,https://darksouls.fandom.com/wiki/Mushroom_Parent
Necromancer,https://darksouls.fandom.com/wiki/Necromancer
Painting Guardian,https://darksouls.fandom.com/wiki/Painting_Guardian
Parasitic Wall Hugger,https://darksouls.fandom.com/wiki/Parasitic_Wall_Hugger
Phalanx,https://darksouls.fandom.com/wiki/Phalanx
Pinwheel Servant,https://darksouls.fandom.com/wiki/Pinwheel_Servant
Pisaca,https://darksouls.fandom.com/wiki/Pisaca
Possessed Tree,https://darksouls.fandom.com/wiki/Possessed_Tree
Royal Sentinel,https://darksouls.fandom.com/wiki/Royal_Sentinel
Sanctuary Guardian,https://darksouls.fandom.com/wiki/Sanctuary_Guardian
Sentinel,https://darksouls.fandom.com/wiki/Sentinel
Serpent Mage,https://darksouls.fandom.com/wiki/Serpent_Mage
Serpent Soldier,https://darksouls.fandom.com/wiki/Serpent_Soldier
Silver Knight,https://darksouls.fandom.com/wiki/Silver_Knight
Skeletal Beast,https://darksouls.fandom.com/wiki/Skeletal_Beast
Skeleton,https://darksouls.fandom.com/wiki/Skeleton
Slime,https://darksouls.fandom.com/wiki/Slime
Snow Rat,https://darksouls.fandom.com/wiki/Snow_Rat
Stone Knight,https://darksouls.fandom.com/wiki/Stone_Knight
Stray Demon,https://darksouls.fandom.com/wiki/Stray_Demon
Taurus Demon,https://darksouls.fandom.com/wiki/Taurus_Demon
Titanite Demon,https://darksouls.fandom.com/wiki/Titanite_Demon
Tree Lizard,https://darksouls.fandom.com/wiki/Tree_Lizard
Undead Crystal Soldier,https://darksouls.fandom.com/wiki/Undead_Crystal_Soldier
Undead Dragon,https://darksouls.fandom.com/wiki/Undead_Dragon
Undead Rat,https://darksouls.fandom.com/wiki/Undead_Rat
Vagrant,https://darksouls.fandom.com/wiki/Vagrant
Vile Maggot,https://darksouls.fandom.com/wiki/Vile_Maggot
Wisp,https://darksouls.fandom.com/wiki/Wisp
Wooden Scarecrow,https://darksouls.fandom.com/wiki/Wooden_Scarecrow
