mentioner,mentioned
Abyss Greatsword,Abyss
Abyss Greatsword,Artorias
Abyss Greatsword,Dark
Abyss Greatsword,Greatsword
Abyss Greatsword,Greatsword
Abyss Greatsword,Gwyn
Abyss Greatsword,Humanity
Abyss Greatsword,Humanity
Abyss Greatsword,Knight Artorias
Abyss Greatsword,Lord Gwyn
Acid Surge,Great Swamp
Acid Surge,Pyromancers
Affidavit,Goddess of Sin
Affidavit,Sin
Affidavit,Velka
Affidavit,"Velka, Goddess of Sin"
Alluring Skull,Hollow
Alluring Skull,Soul
Anklet of the Great Lord,Greatsword
Anklet of the Great Lord,Greatsword
Anklet of the Great Lord,Gwyn
Anklet of the Great Lord,Lord Gwyn
Anklet of the Great Lord,Lord of Cinder
Anklet of the Great Lord,Soul
Annex Key,Ariamis
Annex Key,Painted World of Ariamis
Antiquated Dress,Oolacile
Antiquated Dress,Physical
Antiquated Dress,Physical
Antiquated Gloves,Oolacile
Antiquated Gloves,Physical
Antiquated Gloves,Physical
Antiquated Skirt,Oolacile
Antiquated Skirt,Physical
Antiquated Skirt,Physical
Archive Prison Extra Key,Archive Tower
Archive Tower Cell Key,Archive Tower
Archive Tower Cell Key,Seath
Archive Tower Giant Cell Key,The Duke's Archives
Archive Tower Giant Door Key,Archive Tower
Armor Smithbox,Force
Armor of Artorias,Abyss
Armor of Artorias,Abysswalker
Armor of Artorias,Artorias
Armor of Artorias,Dark
Armor of Artorias,Gwyn
Armor of Artorias,Gwyn's Four Knights
Armor of Thorns,Dark
Armor of Thorns,Darkwraith
Armor of Thorns,Darkwraiths
Armor of Thorns,Kirk
Armor of Thorns,"Kirk, Knight of Thorns"
Armor of Thorns,Knight of Thorns
Armor of the Glorious,Domhnall
Armor of the Glorious,Zena
Armor of the Sun,Astora
Armor of the Sun,Knight of Sunlight
Armor of the Sun,Solaire
Armor of the Sun,Solaire of Astora
Astora's Straight Sword,Astora
Astora's Straight Sword,Sin
Astora's Straight Sword,Straight Sword
Aural Decoy,Sin
Avelyn,Bow
Avelyn,Crossbow
Avelyn,Eidas
Balder Armor,Balder
Balder Armor,Knight King Rendal
Balder Armor,Rendal
Balder Armor,Undead
Balder Armor,Undead
Balder Gauntlets,Balder
Balder Gauntlets,Gauntlet
Balder Gauntlets,Knight King Rendal
Balder Gauntlets,Rendal
Balder Gauntlets,Undead
Balder Gauntlets,Undead
Balder Helm,Balder
Balder Helm,Knight King Rendal
Balder Helm,Rendal
Balder Helm,Undead
Balder Helm,Undead
Balder Leggings,Balder
Balder Leggings,Knight King Rendal
Balder Leggings,Rendal
Balder Leggings,Undead
Balder Leggings,Undead
Balder Shield,Balder
Balder Shield,Knight King Rendal
Balder Shield,Rendal
Balder Shield,Undead
Balder Shield,Undead
Balder Side Sword,Balder
Balder Side Sword,Knight King Rendal
Balder Side Sword,Rendal
Balder Side Sword,Undead
Balder Side Sword,Undead
Bandit's Knife,Shortsword
Bandit's Knife,Sin
Barbed Straight Sword,Dark
Barbed Straight Sword,Darkwraith
Barbed Straight Sword,Kirk
Barbed Straight Sword,Knight of Thorns
Barbed Straight Sword,Pike
Basement Key,Undead
Basement Key,Undead
Basement Key,Undead Burg
Bastard Sword,Greatsword
Bastard Sword,Greatsword
Battle Axe,Axe
Beatrice's Catalyst,Beatrice
Beatrice's Catalyst,Beatrice
Beatrice's Catalyst,Catalyst
Beatrice's Catalyst,Catalyst
Beatrice's Catalyst,Vinheim
Beatrice's Catalyst,Vinheim
Bellowing Dragoncrest Ring,Dragon School
Bellowing Dragoncrest Ring,Grant
Bellowing Dragoncrest Ring,Vinheim
Bellowing Dragoncrest Ring,Vinheim Dragon School
Bellowing Dragoncrest Ring,Vinheim Dragon School
Big Hat,Logan
Big Pilgrim's Key,Chosen Undead
Big Pilgrim's Key,Sen
Big Pilgrim's Key,Undead
Big Pilgrim's Key,Undead
Big Pilgrim's Key,Undead Asylum
Binoculars,Astora
Binoculars,Sin
Black Bow of Pharis,Bow
Black Bow of Pharis,Pharis
Black Cleric Robe,Goddess of Sin
Black Cleric Robe,Pardoners
Black Cleric Robe,Sin
Black Cleric Robe,Velka
Black Eye Orb,Anor Londo
Black Eye Orb,Gods
Black Eye Orb,Soul
Black Firebomb,Firebomb
Black Flame,Abyss
Black Flame,Dark
Black Flame,Oolacile
Black Flame,Physical
Black Flame,Physical
Black Iron Armor,Black Iron Tarkus
Black Iron Armor,Tarkus
Black Iron Gauntlets,Black Iron Tarkus
Black Iron Gauntlets,Gauntlet
Black Iron Gauntlets,Tarkus
Black Iron Greatshield,Berenike
Black Iron Greatshield,Greatshield
Black Iron Greatshield,Knight Berenike
Black Iron Greatshield,Tarkus
Black Iron Greatshield,Tower Shield
Black Iron Helm,Black Iron Tarkus
Black Iron Helm,Tarkus
Black Iron Leggings,Black Iron Tarkus
Black Iron Leggings,Tarkus
Black Knight Armor,Gwyn
Black Knight Armor,Lord Gwyn
Black Knight Armor,Lordran
Black Knight Gauntlets,Black Knights
Black Knight Gauntlets,Gauntlet
Black Knight Gauntlets,Gwyn
Black Knight Gauntlets,Lord Gwyn
Black Knight Gauntlets,Lordran
Black Knight Greataxe,Axe
Black Knight Greataxe,Black Knights
Black Knight Greataxe,Greataxe
Black Knight Greataxe,Greataxe
Black Knight Greataxe,Lordran
Black Knight Greatsword,Black Knights
Black Knight Greatsword,Greatsword
Black Knight Greatsword,Greatsword
Black Knight Greatsword,Lordran
Black Knight Halberd,Black Knights
Black Knight Halberd,Halberd
Black Knight Halberd,Halberd
Black Knight Halberd,Lordran
Black Knight Helm,Gwyn
Black Knight Helm,Lord Gwyn
Black Knight Helm,Lordran
Black Knight Leggings,Black Knights
Black Knight Leggings,Gwyn
Black Knight Leggings,Lord Gwyn
Black Knight Leggings,Lordran
Black Knight Shield,Black Knights
Black Knight Shield,Lordran
Black Knight Sword,Black Knights
Black Knight Sword,Greatsword
Black Knight Sword,Greatsword
Black Knight Sword,Lordran
Black Manchette,Goddess of Sin
Black Manchette,Pardoners
Black Manchette,Sin
Black Manchette,Velka
Black Separation Crystal,Grant
Black Separation Crystal,Sen
Black Separation Crystal,Undead
Black Separation Crystal,Undead
Black Sorcerer Boots,Dragon School
Black Sorcerer Boots,Vinheim
Black Sorcerer Boots,Vinheim Dragon School
Black Sorcerer Boots,Vinheim Dragon School
Black Sorcerer Cloak,Dragon School
Black Sorcerer Cloak,Vinheim
Black Sorcerer Cloak,Vinheim Dragon School
Black Sorcerer Cloak,Vinheim Dragon School
Black Sorcerer Gauntlets,Dragon School
Black Sorcerer Gauntlets,Gauntlet
Black Sorcerer Gauntlets,Vinheim
Black Sorcerer Gauntlets,Vinheim Dragon School
Black Sorcerer Gauntlets,Vinheim Dragon School
Black Sorcerer Hat,Dragon School
Black Sorcerer Hat,Vinheim
Black Sorcerer Hat,Vinheim Dragon School
Black Sorcerer Hat,Vinheim Dragon School
Black Tights,Goddess of Sin
Black Tights,Pardoners
Black Tights,Sin
Black Tights,Velka
Blacksmith Giant Hammer,Anor Londo
Blacksmith Giant Hammer,Giant Blacksmith
Blacksmith Giant Hammer,Hammer
Blacksmith Hammer,Andre
Blacksmith Hammer,Andre of Astora
Blacksmith Hammer,Astora
Blacksmith Hammer,Hammer
Blacksmith Hammer,Old Church
Blighttown Key,Blighttown
Blighttown Key,Depths
Blighttown Key,Undead
Blighttown Key,Undead
Blighttown Key,Undead Burg
Bloated Head,Abyss
Bloated Head,Dark
Bloated Head,Humanity
Bloated Head,Humanity
Bloated Head,Manus
Bloated Head,"Manus, Father of the Abyss"
Bloated Head,Oolacile
Bloated Sorcerer Head,Abyss
Bloated Sorcerer Head,Bloated Head
Bloated Sorcerer Head,Dark
Bloated Sorcerer Head,Humanity
Bloated Sorcerer Head,Humanity
Bloated Sorcerer Head,Manus
Bloated Sorcerer Head,"Manus, Father of the Abyss"
Bloated Sorcerer Head,Oolacile
Blood-Stained Skirt,Firelink Shrine
Blood-Stained Skirt,Patches
Bloodbite Ring,Arstor
Bloodbite Ring,Carim
Bloodred Moss Clump,Pike
Blue Eye Orb,Book of the Guilty
Blue Eye Orb,Dark
Blue Eye Orb,Dark Sun Gwyndolin
Blue Eye Orb,Darkmoon
Blue Eye Orb,Gods
Blue Eye Orb,Grant
Blue Eye Orb,Gwyn
Blue Eye Orb,Gwyndolin
Blue Eye Orb,Souvenir of Reprisal
Blue Tearstone Ring,Catarina
Blue Tearstone Ring,Sen
Blue Titanite Chunk,Force
Blue Titanite Chunk,Lordran
Blue Titanite Chunk,Magic Weapon
Blue Titanite Chunk,Titanite Chunk
Blue Titanite Slab,Force
Blue Titanite Slab,Gods
Blue Titanite Slab,Magic Weapon
Blue Titanite Slab,Nameless Blacksmith Deity
Blue Titanite Slab,Titanite Slab
Bonewheel Shield,Greatshield
Bonewheel Shield,Pike
Book of the Guilty,Dark
Book of the Guilty,Darkmoon
Book of the Guilty,Goddess of Sin
Book of the Guilty,Gods
Book of the Guilty,Sin
Book of the Guilty,Velka
Boots of the Explorer,Domhnall
Boots of the Explorer,Zena
Bountiful Sunlight,Grant
Bountiful Sunlight,Gwyn
Bountiful Sunlight,Gwynevere
Bountiful Sunlight,Sin
Bracelet of the Great Lord,Greatsword
Bracelet of the Great Lord,Greatsword
Bracelet of the Great Lord,Gwyn
Bracelet of the Great Lord,Lord Gwyn
Bracelet of the Great Lord,Lord of Cinder
Bracelet of the Great Lord,Soul
Brass Armor,Anor Londo
Brass Armor,Dark
Brass Armor,Dark Sun Gwyndolin
Brass Armor,Darkmoon
Brass Armor,Darkmoon Knightess
Brass Armor,Depths
Brass Armor,Gwyn
Brass Armor,Gwyndolin
Brass Armor,Undead
Brass Armor,Undead
Brass Gauntlets,Anor Londo
Brass Gauntlets,Dark
Brass Gauntlets,Dark Sun Gwyndolin
Brass Gauntlets,Darkmoon
Brass Gauntlets,Darkmoon Knightess
Brass Gauntlets,Depths
Brass Gauntlets,Gauntlet
Brass Gauntlets,Gwyn
Brass Gauntlets,Gwyndolin
Brass Gauntlets,Undead
Brass Gauntlets,Undead
Brass Helm,Anor Londo
Brass Helm,Dark
Brass Helm,Dark Sun Gwyndolin
Brass Helm,Darkmoon
Brass Helm,Darkmoon Knightess
Brass Helm,Depths
Brass Helm,Gwyn
Brass Helm,Gwyndolin
Brass Helm,Undead
Brass Helm,Undead
Brass Leggings,Anor Londo
Brass Leggings,Dark
Brass Leggings,Dark Sun Gwyndolin
Brass Leggings,Darkmoon
Brass Leggings,Darkmoon Knightess
Brass Leggings,Depths
Brass Leggings,Gwyn
Brass Leggings,Gwyndolin
Brass Leggings,Undead
Brass Leggings,Undead
Brigand Gauntlets,Gauntlet
Broken Pendant,Oolacile
Broken Pendant,Pendant
Broken Pendant,Sen
Broken Straight Sword,Hollow
Broken Straight Sword,Sin
Broken Straight Sword,Straight Sword
Buckler,Small Shield
Butcher Knife,Depths
Butcher Knife,Sen
Butcher Knife,Undead
Butcher Knife,Undead
Caduceus Round Shield,Archtree
Caduceus Round Shield,Archtrees
Caduceus Round Shield,Lordran
Caduceus Round Shield,Wooden Shield
Cage Key,Sen
Cage Key,Sen's Fortress
Calamity Ring,Kalameet
Canvas Talisman,Canvas Talisman
Canvas Talisman,Canvas Talisman
Canvas Talisman,Gods
Canvas Talisman,Gods
Canvas Talisman,Talisman
Canvas Talisman,Talisman
Canvas Talisman,Talisman
Canvas Talisman,Talisman
Canvas Talisman,Talisman
Canvas Talisman,Talisman
Cast Light,Oolacile
Cast Light,Vinheim
Cat Covenant Ring,Age of Fire
Cat Covenant Ring,Alvina
Cat Covenant Ring,Artorias
Cat Covenant Ring,Forest Hunter
Cat Covenant Ring,Grant
Cat Covenant Ring,Knight Artorias
Cat Covenant Ring,Sif
Cat Covenant Ring,Sin
Catarina Armor,Catarina
Catarina Gauntlets,Catarina
Catarina Gauntlets,Gauntlet
Catarina Helm,Catarina
Catarina Leggings,Catarina
Chain Armor,Sin
Chain Helm,Sin
Chain Leggings,Sin
Chameleon,Hidden Body
Chameleon,Oolacile
Channeler's Trident,Channelers
Channeler's Trident,Seath
Channeler's Trident,Seath the Scaleless
Chaos Blade,Curved sword
Chaos Blade,Izalith
Chaos Blade,Quelaag
Chaos Blade,Soul
Chaos Blade,Soul of Quelaag
Chaos Blade,Witch of Izalith
Chaos Fire Whip,Fire Whip
Chaos Fire Whip,Flame of Chaos
Chaos Fire Whip,Izalith
Chaos Fire Whip,Whip
Chaos Fire Whip,Whip
Chaos Fire Whip,Witch of Izalith
Chaos Flame Ember,Chaos Flame
Chaos Flame Ember,Force
Chaos Flame Ember,Humanity
Chaos Flame Ember,Humanity
Chaos Flame Ember,Izalith
Chaos Storm,Flame of Chaos
Chaos Storm,Izalith
Chaos Storm,Witch of Izalith
Charcoal Pine Resin,Sin
Charcoal Pine Resin,Undead
Charcoal Pine Resin,Undead
Chester's Gloves,Leather Gloves
Chester's Gloves,Marvellous Chester
Chester's Long Coat,Marvellous Chester
Chester's Trousers,Bow
Chester's Trousers,Crossbow
Chester's Trousers,Marvellous Chester
Claw,Eastern Land
Claymore,Greatsword
Claymore,Greatsword
Cleansing Greatshield,Abyss
Cleansing Greatshield,Artorias
Cleansing Greatshield,Greatshield
Cleansing Greatshield,Knight Artorias
Cleansing Greatshield,Sif
Cleric Armor,Way of White
Cleric Gauntlets,Gauntlet
Cleric Gauntlets,Way of White
Cleric Helm,Way of White
Cleric Leggings,Way of White
Club,Sin
Composite Bow,Bow
Copper Coin,Lordran
Copper Coin,McLoyf
Copper Coin,Old Man McLoyf
Copper Coin,Soul
Core of an Iron Golem,Anor Londo
Core of an Iron Golem,Sen
Core of an Iron Golem,Sen's Fortress
Core of an Iron Golem,Soul
Covenant of Artorias,Abyss
Covenant of Artorias,Artorias
Covenant of Artorias,Knight Artorias
Covetous Gold Serpent Ring,Undead
Covetous Gold Serpent Ring,Undead
Covetous Silver Serpent Ring,Soul
Covetous Silver Serpent Ring,Undead
Covetous Silver Serpent Ring,Undead
Cracked Red Eye Orb,Dark
Cracked Red Eye Orb,Darkwraith
Cracked Red Eye Orb,Darkwraiths
Cracked Red Eye Orb,Hollow
Cracked Red Eye Orb,Humanity
Cracked Red Eye Orb,Humanity
Cracked Red Eye Orb,Kaathe
Cracked Red Eye Orb,Red Eye Orb
Cracked Round Shield,Physical
Cracked Round Shield,Physical
Cracked Round Shield,Wooden Shield
Crescent Axe,Axe
Crescent Axe,Battle Axe
Crescent Axe,Way of White
Crest Shield,Astora
Crest of Artorias,Abyss
Crest of Artorias,Abysswalker
Crest of Artorias,Artorias
Crest of Artorias,Dark
Crest of Artorias,Darkroot Garden
Crimson Gloves,Dark
Crimson Gloves,Darkwraith
Crimson Gloves,Darkwraiths
Crimson Gloves,Four Kings
Crimson Gloves,Heal
Crimson Gloves,Healers
Crimson Gloves,New Londo
Crimson Robe,Dark
Crimson Robe,Darkwraith
Crimson Robe,Darkwraiths
Crimson Robe,Four Kings
Crimson Robe,Heal
Crimson Robe,Healers
Crimson Robe,New Londo
Crimson Waistcloth,Dark
Crimson Waistcloth,Darkwraith
Crimson Waistcloth,Darkwraiths
Crimson Waistcloth,Four Kings
Crimson Waistcloth,Heal
Crimson Waistcloth,Healers
Crimson Waistcloth,New Londo
Crown of Dusk,Dusk
Crown of Dusk,Oolacile
Crown of the Dark Sun,Anor Londo
Crown of the Dark Sun,Dark
Crown of the Dark Sun,Dark Sun Gwyndolin
Crown of the Dark Sun,Darkmoon
Crown of the Dark Sun,Gods
Crown of the Dark Sun,Gwyn
Crown of the Dark Sun,Gwyndolin
Crown of the Great Lord,Gwyn
Crown of the Great Lord,Lord Gwyn
Crown of the Great Lord,Lord of Cinder
Crown of the Great Lord,Soul
Crystal Ember,Force
Crystal Ember,Repair
Crystal Ember,Seath
Crystal Ember,Seath the Scaleless
Crystal Greatsword,Repair
Crystal Greatsword,Straight Sword
Crystal Magic Weapon,Logan
Crystal Magic Weapon,Soul
Crystal Ring Shield,Dark
Crystal Ring Shield,Darkroot Garden
Crystal Ring Shield,Seath
Crystal Ring Shield,Seath the Scaleless
Crystal Shield,Repair
Crystal Soul Spear,Logan
Crystal Soul Spear,Lords
Crystal Soul Spear,Soul
Crystal Soul Spear,Soul Spear
Crystal Soul Spear,Spear
Crystal Soul Spear,Spear
Crystal Straight Sword,Repair
Crystal Straight Sword,Straight Sword
Crystalline Armor,Hollow
Crystalline Armor,Repair
Crystalline Gauntlets,Hollow
Crystalline Gauntlets,Repair
Crystalline Helm,Hollow
Crystalline Helm,Repair
Crystalline Leggings,Hollow
Crystalline Leggings,Repair
Cursebite Ring,Arstor
Cursebite Ring,Carim
Dagger,Dagger
Dark Armor,Dark
Dark Armor,Darkwraith
Dark Armor,Darkwraiths
Dark Armor,New Londo
Dark Bead,Abyss
Dark Bead,Dark
Dark Bead,Dark Orb
Dark Bead,Humanity
Dark Bead,Humanity
Dark Bead,Oolacile
Dark Bead,Physical
Dark Bead,Physical
Dark Bead,Soul
Dark Ember,Force
Dark Ember,Gods
Dark Fog,Abyss
Dark Fog,Dark
Dark Fog,Humanity
Dark Fog,Humanity
Dark Fog,Oolacile
Dark Gauntlets,Dark
Dark Gauntlets,Darkwraith
Dark Gauntlets,Darkwraiths
Dark Gauntlets,Gauntlet
Dark Gauntlets,New Londo
Dark Hand,Dark
Dark Hand,Dark Soul
Dark Hand,Dark Soul
Dark Hand,Darkwraith
Dark Hand,Darkwraiths
Dark Hand,Humanity
Dark Hand,Humanity
Dark Hand,Kaathe
Dark Hand,Soul
Dark Leggings,Dark
Dark Leggings,Darkwraith
Dark Leggings,Darkwraiths
Dark Leggings,New Londo
Dark Mask,Dark
Dark Mask,Darkwraith
Dark Mask,Darkwraiths
Dark Mask,New Londo
Dark Orb,Abyss
Dark Orb,Dark
Dark Orb,Humanity
Dark Orb,Humanity
Dark Orb,Oolacile
Dark Orb,Physical
Dark Orb,Physical
Dark Orb,Sen
Dark Orb,Soul
Dark Silver Tracer,Ciaran
Dark Silver Tracer,Dagger
Dark Silver Tracer,Dagger
Dark Silver Tracer,Dark
Dark Silver Tracer,Gold Tracer
Dark Silver Tracer,Gwyn
Dark Silver Tracer,Gwyn's Four Knights
Dark Silver Tracer,Lord's Blade Ciaran
Dark Wood Grain Ring,Dark
Dark Wood Grain Ring,Eastern Land
Darkmoon Blade,Dark
Darkmoon Blade,Darkmoon
Darkmoon Blade,Grant
Darkmoon Blade,Gwyn
Darkmoon Blade,Gwyndolin
Darkmoon Blade,Lord Gwyn
Darkmoon Blade Covenant Ring,Anor Londo
Darkmoon Blade Covenant Ring,Dark
Darkmoon Blade Covenant Ring,Dark Sun Gwyndolin
Darkmoon Blade Covenant Ring,Darkmoon
Darkmoon Blade Covenant Ring,Darkmoon Blade
Darkmoon Blade Covenant Ring,Darkmoon Blade Covenant
Darkmoon Blade Covenant Ring,Grant
Darkmoon Blade Covenant Ring,Gwyn
Darkmoon Blade Covenant Ring,Gwyndolin
Darkmoon Blade Covenant Ring,Gwynevere
Darkmoon Bow,Anor Londo
Darkmoon Bow,Bow
Darkmoon Bow,Dark
Darkmoon Bow,Dark Sun Gwyndolin
Darkmoon Bow,Darkmoon
Darkmoon Bow,Gods
Darkmoon Bow,Gwyn
Darkmoon Bow,Gwyndolin
Darkmoon Bow,Moonlight Arrow
Darkmoon Bow,Soul
Darkmoon Seance Ring,Anor Londo
Darkmoon Seance Ring,Dark
Darkmoon Seance Ring,Dark Sun Gwyndolin
Darkmoon Seance Ring,Darkmoon
Darkmoon Seance Ring,Grant
Darkmoon Seance Ring,Gwyn
Darkmoon Seance Ring,Gwyndolin
Darkmoon Talisman,Dark
Darkmoon Talisman,Dark
Darkmoon Talisman,Dark Sun Gwyndolin
Darkmoon Talisman,Dark Sun Gwyndolin
Darkmoon Talisman,Darkmoon
Darkmoon Talisman,Darkmoon
Darkmoon Talisman,Darkmoon Blade
Darkmoon Talisman,Darkmoon Blade
Darkmoon Talisman,Gods
Darkmoon Talisman,Gods
Darkmoon Talisman,Grant
Darkmoon Talisman,Grant
Darkmoon Talisman,Gwyn
Darkmoon Talisman,Gwyn
Darkmoon Talisman,Gwyndolin
Darkmoon Talisman,Gwyndolin
Darkmoon Talisman,Talisman
Darkmoon Talisman,Talisman
Darkmoon Talisman,Talisman
Darkmoon Talisman,Talisman
Darkmoon Talisman,Talisman
Darkmoon Talisman,Talisman
Darksign,Dark
Darksign,Darksign
Darksign,Hollow
Darksign,Humanity
Darksign,Humanity
Darksign,Soul
Darksign,Undead
Darksign,Undead
Darksword,Dark
Darksword,Darkwraith
Darksword,Darkwraiths
Darksword,Four Kings
Darksword,New Londo
Demon Great Machete,Greatsword
Demon Great Machete,Greatsword
Demon Titanite,Lordran
Demon Titanite,Nameless Blacksmith Deity
Demon's Catalyst,Catalyst
Demon's Catalyst,Catalyst
Demon's Catalyst,Izalith
Demon's Catalyst,Izalith
Demon's Catalyst,Witch of Izalith
Demon's Catalyst,Witch of Izalith
Demon's Great Hammer,Archtree
Demon's Great Hammer,Archtrees
Demon's Great Hammer,Hammer
Demon's Great Hammer,Undead
Demon's Great Hammer,Undead
Demon's Great Hammer,Undead Asylum
Demon's Greataxe,Axe
Demon's Spear,Anor Londo
Dingy Gloves,Dark
Dingy Gloves,Firelink Shrine
Dingy Hood,Dark
Dingy Hood,Firelink Shrine
Dingy Robe,Dark
Dingy Robe,Firelink Shrine
Divine Blessing,Gwyn
Divine Blessing,Gwynevere
Divine Ember,Divine Blacksmith
Divine Ember,Force
Divine Ember,Undead
Divine Ember,Undead
Dragon Bone Fist,Anor Londo
Dragon Bone Fist,Gods
Dragon Bone Fist,Sen
Dragon Bone Fist,Sen's Fortress
Dragon Bone Fist,Soul
Dragon Crest Shield,Astora
Dragon Crest Shield,Crest Shield
Dragon Eye,Dragon Scale
Dragon Eye,Gods
Dragon Greatsword,Ash Lake
Dragon Greatsword,Stone Dragon
Dragon King Greataxe,Axe
Dragon Tooth,Grant
Dragon Tooth,Great Hammer
Dragon Tooth,Hammer
Dragon Tooth,Havel
Dragon Tooth,Havel the Rock
Dragonslayer Arrow,Bow
Dragonslayer Arrow,Dragonslayer Greatbow
Dragonslayer Arrow,Dragonslayers
Dragonslayer Arrow,Gough
Dragonslayer Arrow,Hawkeye Gough
Dragonslayer Arrow,Spear
Dragonslayer Arrow,Spear
Dragonslayer Greatbow,Bow
Dragonslayer Greatbow,Dragonslayers
Dragonslayer Greatbow,Gough
Dragonslayer Greatbow,Gwyn
Dragonslayer Greatbow,Gwyn's Four Knights
Dragonslayer Greatbow,Hawkeye Gough
Dragonslayer Spear,Anor Londo
Dragonslayer Spear,Ornstein
Dragonslayer Spear,Sen
Dragonslayer Spear,Soul
Dragonslayer Spear,Soul of Ornstein
Dragonslayer Spear,Spear
Dragonslayer Spear,Spear
Dungeon Cell Key,Undead
Dungeon Cell Key,Undead
Dungeon Cell Key,Undead Asylum
Dusk Crown Ring,Dusk
Dusk Crown Ring,Dusk of Oolacile
Dusk Crown Ring,Grant
Dusk Crown Ring,Oolacile
Eagle Shield,Greatshield
East Wood Grain Ring,Eastern Land
East-West Shield,Physical
East-West Shield,Physical
East-West Shield,Wooden Shield
Eastern Armor,Eastern Land
Eastern Gauntlets,Eastern Land
Eastern Gauntlets,Gauntlet
Eastern Helm,Eastern Land
Eastern Leggings,Eastern Land
Effigy Shield,Gods
Effigy Shield,Gravelord Nito
Effigy Shield,Nito
Egg Vermifuge,Flame of Chaos
Egg Vermifuge,Sen
Elite Knight Armor,Astora
Elite Knight Armor,Hollow
Elite Knight Armor,Undead
Elite Knight Armor,Undead
Elite Knight Armor,Undead Asylum
Elite Knight Armor,Undead mission
Elite Knight Gauntlets,Astora
Elite Knight Gauntlets,Gauntlet
Elite Knight Gauntlets,Hollow
Elite Knight Gauntlets,Undead
Elite Knight Gauntlets,Undead
Elite Knight Gauntlets,Undead Asylum
Elite Knight Gauntlets,Undead mission
Elite Knight Helm,Astora
Elite Knight Helm,Hollow
Elite Knight Helm,Undead
Elite Knight Helm,Undead
Elite Knight Helm,Undead Asylum
Elite Knight Helm,Undead mission
Elite Knight Leggings,Astora
Elite Knight Leggings,Hollow
Elite Knight Leggings,Undead
Elite Knight Leggings,Undead
Elite Knight Leggings,Undead Asylum
Elite Knight Leggings,Undead mission
Elizabeth's Mushroom,Elizabeth
Embraced Armor of Favor,Fina
Embraced Armor of Favor,Lautrec
Embraced Armor of Favor,Lautrec the Embraced
Embraced Armor of Favor,Sen
Emit Force,Force
Emit Force,Way of White
Enchanted Ember,Force
Enchanted Ember,Oolacile
Estoc,Thrusting sword
Estus Flask,Dark
Estus Flask,Fire Keepers
Estus Flask,Soul
Estus Flask,Undead
Estus Flask,Undead
Eye of Death,Hollow
Falchion,Curved sword
Fall Control,Dragon School
Fall Control,Hush
Fall Control,Vinheim
Fall Control,Vinheim Dragon School
Fall Control,Vinheim Dragon School
Fang Boar Helm,Gods
Fang Boar Helm,Sin
Fire Orb,Fireball
Fire Orb,Pyromancers
Fire Orb,Sin
Fire Surge,Great Swamp
Fire Surge,Pyromancers
Fire Tempest,Izalith
Fire Tempest,Quelana
Fire Tempest,Quelana of Izalith
Fire Whip,Combustion
Fire Whip,Izalith
Fire Whip,Quelana
Fire Whip,Quelana of Izalith
Fire Whip,Whip
Fire Whip,Whip
Fireball,Great Swamp
Fireball,Undead
Fireball,Undead
Firestorm,Izalith
Firestorm,Quelana
Firestorm,Quelana of Izalith
Flamberge,Greatsword
Flamberge,Greatsword
Flamberge,Sen
Flamberge,Sen's Fortress
Flame Stoneplate Ring,Grant
Flash Sweat,Carmina
Flash Sweat,Salaman
Flash Sweat,Salaman the Master Pyromancer
Gargoyle Helm,Bell of Awakening
Gargoyle Helm,Undead
Gargoyle Helm,Undead
Gargoyle Helm,Undead Church
Gargoyle Tail Axe,Anor Londo
Gargoyle Tail Axe,Axe
Gargoyle Tail Axe,Battle Axe
Gargoyle Tail Axe,Bell of Awakening
Gargoyle Tail Axe,Undead
Gargoyle Tail Axe,Undead
Gargoyle Tail Axe,Undead Church
Gargoyle's Halberd,Bell of Awakening
Gargoyle's Halberd,Halberd
Gargoyle's Halberd,Halberd
Gargoyle's Halberd,Undead
Gargoyle's Halberd,Undead
Gargoyle's Halberd,Undead Church
Gargoyle's Shield,Bell of Awakening
Gargoyle's Shield,Physical
Gargoyle's Shield,Physical
Gargoyle's Shield,Undead
Gargoyle's Shield,Undead
Gargoyle's Shield,Undead Church
Gauntlets of Artorias,Abyss
Gauntlets of Artorias,Abysswalker
Gauntlets of Artorias,Artorias
Gauntlets of Artorias,Dark
Gauntlets of Artorias,Gauntlet
Gauntlets of Artorias,Gwyn
Gauntlets of Artorias,Gwyn's Four Knights
Gauntlets of Favor,Fina
Gauntlets of Favor,Gauntlet
Gauntlets of Favor,Lautrec
Gauntlets of Favor,Lautrec the Embraced
Gauntlets of Favor,Sen
Gauntlets of Thorns,Dark
Gauntlets of Thorns,Darkwraith
Gauntlets of Thorns,Darkwraiths
Gauntlets of Thorns,Gauntlet
Gauntlets of Thorns,Kirk
Gauntlets of Thorns,"Kirk, Knight of Thorns"
Gauntlets of Thorns,Knight of Thorns
Gauntlets of the Channelers,Channelers
Gauntlets of the Channelers,Gauntlet
Gauntlets of the Channelers,Seath
Gauntlets of the Channelers,Seath the Scaleless
Gauntlets of the Channelers,Snatchers
Gauntlets of the Vanquisher,Domhnall
Gauntlets of the Vanquisher,Gauntlet
Gauntlets of the Vanquisher,Zena
Ghost Blade,Dagger
Ghost Blade,Dagger
Ghost Blade,New Londo
Giant Armor,Anor Londo
Giant Armor,Physical
Giant Armor,Physical
Giant Armor,Sen
Giant Gauntlets,Anor Londo
Giant Gauntlets,Gauntlet
Giant Gauntlets,Physical
Giant Gauntlets,Physical
Giant Gauntlets,Sen
Giant Helm,Anor Londo
Giant Helm,Physical
Giant Helm,Physical
Giant Helm,Sen
Giant Leggings,Anor Londo
Giant Leggings,Physical
Giant Leggings,Physical
Giant Leggings,Sen
Giant Shield,Anor Londo
Giant Shield,Greatshield
Giant Shield,Physical
Giant Shield,Physical
Giant Shield,Sen
Giant's Halberd,Anor Londo
Giant's Halberd,Halberd
Giant's Halberd,Halberd
Giant's Halberd,Sen
Gold Coin, Allfather Lloyd
Gold Coin,Lloyd
Gold Coin,Lordran
Gold Coin,Soul
Gold Tracer,Ciaran
Gold Tracer,Curved sword
Gold Tracer,Dark
Gold Tracer,Gwyn
Gold Tracer,Gwyn's Four Knights
Gold Tracer,Lord's Blade Ciaran
Gold-Hemmed Black Cloak,Age of Fire
Gold-Hemmed Black Cloak,Daughter of Chaos
Gold-Hemmed Black Cloak,Izalith
Gold-Hemmed Black Cloak,Quelana
Gold-Hemmed Black Cloak,Quelana of Izalith
Gold-Hemmed Black Gloves,Age of Fire
Gold-Hemmed Black Gloves,Daughter of Chaos
Gold-Hemmed Black Gloves,Izalith
Gold-Hemmed Black Gloves,Quelana
Gold-Hemmed Black Gloves,Quelana of Izalith
Gold-Hemmed Black Hood,Age of Fire
Gold-Hemmed Black Hood,Daughter of Chaos
Gold-Hemmed Black Hood,Izalith
Gold-Hemmed Black Hood,Quelana
Gold-Hemmed Black Hood,Quelana of Izalith
Gold-Hemmed Black Skirt,Age of Fire
Gold-Hemmed Black Skirt,Daughter of Chaos
Gold-Hemmed Black Skirt,Izalith
Gold-Hemmed Black Skirt,Quelana
Gold-Hemmed Black Skirt,Quelana of Izalith
Golem Armor,Anor Londo
Golem Armor,Sen
Golem Armor,Sen's Fortress
Golem Axe,Anor Londo
Golem Axe,Axe
Golem Axe,Sen
Golem Axe,Sen's Fortress
Golem Axe,Soul
Golem Gauntlets,Anor Londo
Golem Gauntlets,Sen
Golem Gauntlets,Sen's Fortress
Golem Helm,Anor Londo
Golem Helm,Sen
Golem Helm,Sen's Fortress
Golem Leggings,Anor Londo
Golem Leggings,Sen
Golem Leggings,Sen's Fortress
Gough's Armor,Gough
Gough's Armor,Gwyn
Gough's Armor,Gwyn's Four Knights
Gough's Armor,Hawkeye Gough
Gough's Armor,Sin
Gough's Gauntlets,Gauntlet
Gough's Gauntlets,Gough
Gough's Gauntlets,Gwyn
Gough's Gauntlets,Gwyn's Four Knights
Gough's Gauntlets,Hawkeye Gough
Gough's Gauntlets,Silver Knights
Gough's Great Arrow,Bow
Gough's Great Arrow,Gough
Gough's Great Arrow,Gwyn
Gough's Great Arrow,Gwyn's Four Knights
Gough's Great Arrow,Hawkeye Gough
Gough's Great Arrow,Lord Gwyn
Gough's Great Arrow,Lord Gwyn's Four Knights
Gough's Greatbow,Bow
Gough's Greatbow,Dragonslayers
Gough's Greatbow,Gough
Gough's Greatbow,Gwyn
Gough's Greatbow,Gwyn's Four Knights
Gough's Greatbow,Hawkeye Gough
Gough's Greatbow,Lord Gwyn
Gough's Greatbow,Lord Gwyn's Four Knights
Gough's Helm,Gough
Gough's Helm,Gwyn
Gough's Helm,Gwyn's Four Knights
Gough's Helm,Hawkeye Gough
Gough's Helm,Sin
Gough's Leggings,Gauntlet
Gough's Leggings,Gough
Gough's Leggings,Gwyn
Gough's Leggings,Gwyn's Four Knights
Gough's Leggings,Hawkeye Gough
Gough's Leggings,Silver Knights
Grant,Dark
Grant,Undead
Grant,Undead
Grant,Way of White
Gravelord Greatsword Dance,Gravelord Nito
Gravelord Greatsword Dance,Gravelord Sword
Gravelord Greatsword Dance,Greatsword
Gravelord Greatsword Dance,Greatsword
Gravelord Greatsword Dance,Nito
Gravelord Sword,Gravelord Nito
Gravelord Sword,Nito
Gravelord Sword Dance,Eye of Death
Gravelord Sword Dance,Gravelord Nito
Gravelord Sword Dance,Gravelord Sword
Gravelord Sword Dance,Nito
Great Chaos Fireball,Fireball
Great Chaos Fireball,Flame of Chaos
Great Chaos Fireball,Izalith
Great Chaos Fireball,Witch of Izalith
Great Club,Club
Great Combustion,Combustion
Great Fireball,Fireball
Great Fireball,Salaman
Great Fireball,Salaman the Master Pyromancer
Great Heal,Heal
Great Heal Excerpt,Great Heal
Great Heal Excerpt,Heal
Great Heavy Soul Arrow,Heavy Soul Arrow
Great Heavy Soul Arrow,Soul
Great Heavy Soul Arrow,Soul Arrow
Great Lightning Spear,God of War
Great Lightning Spear,Gwyn
Great Lightning Spear,Lightning Spear
Great Lightning Spear,Lord Gwyn
Great Lightning Spear,Spear
Great Lightning Spear,Spear
Great Lightning Spear,Warrior of Sunlight
Great Lord Greatsword,Greatsword
Great Lord Greatsword,Greatsword
Great Lord Greatsword,Gwyn
Great Lord Greatsword,Lord of Cinder
Great Lord Greatsword,Soul
Great Lord Greatsword,"Soul of Gwyn, Lord of Cinder"
Great Magic Barrier,Gwyn
Great Magic Barrier,Havel
Great Magic Barrier,Havel the Rock
Great Magic Barrier,Lord Gwyn
Great Magic Barrier,Seath
Great Magic Barrier,Seath the Scaleless
Great Magic Weapon,Dragon School
Great Magic Weapon,Grant
Great Magic Weapon,Magic Weapon
Great Magic Weapon,Vinheim
Great Magic Weapon,Vinheim Dragon School
Great Magic Weapon,Vinheim Dragon School
Great Soul Arrow,Dragon School
Great Soul Arrow,Soul
Great Soul Arrow,Soul Arrow
Great Soul Arrow,Vinheim
Great Soul Arrow,Vinheim Dragon School
Great Soul Arrow,Vinheim Dragon School
Greataxe,Axe
Greataxe,Force
Greataxe,Greataxe
Greataxe,Sen
Greatshield of Artorias,Abyss
Greatshield of Artorias,Abysswalker
Greatshield of Artorias,Artorias
Greatshield of Artorias,Great Grey Wolf Sif
Greatshield of Artorias,Knight Artorias
Greatshield of Artorias,Sif
Greatshield of Artorias,Soul
Greatsword,Berenike
Greatsword,Black Iron Tarkus
Greatsword,Greatsword
Greatsword,Tarkus
Greatsword of Artorias,Abyss
Greatsword of Artorias,Abyss
Greatsword of Artorias,Abysswalker
Greatsword of Artorias,Abysswalker
Greatsword of Artorias,Artorias
Greatsword of Artorias,Artorias
Greatsword of Artorias,Dark
Greatsword of Artorias,Darkwraith
Greatsword of Artorias,Darkwraiths
Greatsword of Artorias,Great Grey Wolf Sif
Greatsword of Artorias,Great Grey Wolf Sif
Greatsword of Artorias,Knight Artorias
Greatsword of Artorias,Knight Artorias
Greatsword of Artorias,Sif
Greatsword of Artorias,Sif
Greatsword of Artorias,Soul
Greatsword of Artorias,Soul
Green Titanite Shard,Force
Green Titanite Shard,Titanite Shard
Guardian Gauntlets,Gauntlet
Guardian Soul,Abyss
Guardian Soul,Soul
Guardian Tail,Pike
Halberd,Axe
Halberd,Halberd
Halberd,Spear
Halberd,Spear
Hammer of Vamos,Hammer
Hammer of Vamos,The Catacombs
Hammer of Vamos,Vamos
Hand Axe,Axe
Hard Leather Gauntlets,Gauntlet
Havel's Armor,Havel
Havel's Armor,Havel the Rock
Havel's Gauntlets,Gauntlet
Havel's Gauntlets,Havel
Havel's Gauntlets,Havel the Rock
Havel's Greatshield,Dragon Tooth
Havel's Greatshield,Greatshield
Havel's Greatshield,Havel
Havel's Greatshield,Havel the Rock
Havel's Helm,Havel
Havel's Helm,Havel the Rock
Havel's Leggings,Havel
Havel's Leggings,Havel the Rock
Havel's Ring,Gwyn
Havel's Ring,Havel
Havel's Ring,Havel the Rock
Havel's Ring,Lord Gwyn
Hawk Ring,Bow
Hawk Ring,Four Knights of Gwyn
Hawk Ring,Gough
Hawk Ring,Grant
Hawk Ring,Gwyn
Hawk Ring,Hawkeye Gough
Heal,Gods
Heater Shield,Physical
Heater Shield,Physical
Heavy Bolt,Bow
Heavy Bolt,Crossbow
Heavy Bolt,Heavy Crossbow
Heavy Boots,Pyromancers
Heavy Crossbow,Bow
Heavy Crossbow,Crossbow
Heavy Soul Arrow,Soul
Heavy Soul Arrow,Soul Arrow
Helm of Artorias,Abyss
Helm of Artorias,Abysswalker
Helm of Artorias,Artorias
Helm of Artorias,Dark
Helm of Artorias,Gwyn
Helm of Artorias,Gwyn's Four Knights
Helm of Favor,Fina
Helm of Favor,Lautrec
Helm of Favor,Lautrec the Embraced
Helm of Favor,Sen
Helm of Thorns,Dark
Helm of Thorns,Darkwraith
Helm of Thorns,Darkwraiths
Helm of Thorns,Kirk
Helm of Thorns,"Kirk, Knight of Thorns"
Helm of Thorns,Knight of Thorns
Helm of the Wise,Domhnall
Helm of the Wise,Zena
Hidden Body,Oolacile
Hidden Weapon,Oolacile
Hollow Soldier Armor,Hollow
Hollow Soldier Helm,Hollow
Hollow Soldier Helm,Physical
Hollow Soldier Helm,Physical
Hollow Soldier Shield,Hollow
Hollow Soldier Waistcloth,Hollow
Hollow Thief's Hood,Hollow
Hollow Thief's Leather Armor,Hollow
Hollow Thief's Leather Armor,Leather Armor
Hollow Thief's Tights,Hollow
Hollow Warrior Armor,Hollow
Hollow Warrior Helm,Hollow
Hollow Warrior Helm,Physical
Hollow Warrior Helm,Physical
Hollow Warrior Waistcloth,Hollow
Homeward,Undead
Homeward,Undead
Homeward Bone,Homeward
Homeward Bone,Undead
Homeward Bone,Undead
Homing Crystal Soulmass,Logan
Homing Crystal Soulmass,Soul
Homing Soulmass,Big Hat
Homing Soulmass,Big Hat Logan
Homing Soulmass,Logan
Homing Soulmass,Soul
Hornet Ring,Ciaran
Hornet Ring,Dagger
Hornet Ring,Dagger
Hornet Ring,Four Knights of Gwyn
Hornet Ring,Grant
Hornet Ring,Gwyn
Hornet Ring,Lord Gwyn
Hornet Ring,Lord's Blade Ciaran
Humanity,Humanity
Humanity,Soul
Hush,Dark
Hush,Dragon School
Hush,Vinheim
Hush,Vinheim Dragon School
Hush,Vinheim Dragon School
Iaito,Eastern Land
Iaito,Katana
Iaito,Sin
Indictment,Dark
Indictment,Darkmoon
Indictment,Goddess of Sin
Indictment,Sin
Indictment,Soul
Indictment,Velka
Indictment,"Velka, Goddess of Sin"
Iron Bracelet,Astora
Iron Bracelet,Knight of Sunlight
Iron Bracelet,Solaire
Iron Bracelet,Solaire of Astora
Iron Flesh,Carmina
Iron Helm,Astora
Iron Helm,Knight of Sunlight
Iron Helm,Solaire
Iron Helm,Solaire of Astora
Iron Leggings,Astora
Iron Leggings,Knight of Sunlight
Iron Leggings,Solaire
Iron Leggings,Solaire of Astora
Iron Round Shield,Shiva
Iron Round Shield,Shiva of the East
Ivory Talisman,Gods
Ivory Talisman,Gods
Ivory Talisman,Grant
Ivory Talisman,Grant
Ivory Talisman,Ivory Talisman
Ivory Talisman,Ivory Talisman
Ivory Talisman,Talisman
Ivory Talisman,Talisman
Ivory Talisman,Talisman
Ivory Talisman,Talisman
Ivory Talisman,Talisman
Ivory Talisman,Talisman
Izalith Catalyst,Catalyst
Izalith Catalyst,Catalyst
Izalith Catalyst,Chaos Flame
Izalith Catalyst,Chaos Flame
Izalith Catalyst,Flame sorcery
Izalith Catalyst,Flame sorcery
Izalith Catalyst,Izalith
Izalith Catalyst,Izalith
Izalith Catalyst,Sin
Izalith Catalyst,Sin
Izalith Catalyst,Witch of Izalith
Izalith Catalyst,Witch of Izalith
Jagged Ghost Blade,New Londo
Karmic Justice,Sin
Karmic Justice,Velka
Keeper Soul,Estus Flask
Keeper Soul,Force
Keeper Soul,Humanity
Keeper Soul,Humanity
Keeper Soul,Soul
Key to Depths,Depths
Key to Depths,Undead
Key to Depths,Undead
Key to Depths,Undead Burg
Key to New Londo Ruins,Dark
Key to New Londo Ruins,New Londo
Key to the Seal,Dark
Key to the Seal,Darkwraith
Key to the Seal,Darkwraiths
Key to the Seal,Four Kings
Key to the Seal,New Londo
Knight Gauntlets,Gauntlet
Large Club,Blighttown
Large Club,Club
Large Club,Undead
Large Club,Undead
Large Divine Ember,Divine Blacksmith
Large Divine Ember,Divine Ember
Large Divine Ember,Force
Large Divine Ember,Gods
Large Ember,Astora
Large Ember,Force
Large Flame Ember,Force
Large Leather Shield,Physical
Large Leather Shield,Physical
Large Magic Ember,Force
Large Magic Ember,Magic Weapon
Large Magic Ember,Vinheim
Large Soul of a Brave Warrior,Hollow
Large Soul of a Brave Warrior,Soul
Large Soul of a Brave Warrior,Undead
Large Soul of a Brave Warrior,Undead
Large Soul of a Lost Undead,Hollow
Large Soul of a Lost Undead,Soul
Large Soul of a Lost Undead,Soul of a Lost Undead
Large Soul of a Lost Undead,Undead
Large Soul of a Lost Undead,Undead
Large Soul of a Nameless Soldier,Hollow
Large Soul of a Nameless Soldier,Soul
Large Soul of a Nameless Soldier,Undead
Large Soul of a Nameless Soldier,Undead
Large Soul of a Proud Knight,Hollow
Large Soul of a Proud Knight,Soul
Large Soul of a Proud Knight,Undead
Large Soul of a Proud Knight,Undead
Large Titanite Shard,Force
Large Titanite Shard,Titanite Shard
Leather Gauntlets,Gauntlet
Leather Shield,Small Shield
Leggings of Artorias,Abyss
Leggings of Artorias,Abysswalker
Leggings of Artorias,Artorias
Leggings of Artorias,Dark
Leggings of Artorias,Gwyn
Leggings of Artorias,Gwyn's Four Knights
Leggings of Favor,Fina
Leggings of Favor,Lautrec
Leggings of Favor,Lautrec the Embraced
Leggings of Favor,Sen
Leggings of Thorns,Dark
Leggings of Thorns,Darkwraith
Leggings of Thorns,Darkwraiths
Leggings of Thorns,Kirk
Leggings of Thorns,"Kirk, Knight of Thorns"
Leggings of Thorns,Knight of Thorns
Leo Ring,Four Knights of Gwyn
Leo Ring,Grant
Leo Ring,Gwyn
Leo Ring,Ornstein
Leo Ring,Spear
Leo Ring,Spear
Lifehunt Scythe,Ariamis
Lifehunt Scythe,Gods
Lifehunt Scythe,Lifehunt
Lifehunt Scythe,Painted World of Ariamis
Lifehunt Scythe,Priscilla
Lifehunt Scythe,Scythe
Lifehunt Scythe,Soul
Lifehunt Scythe,Soul of Priscilla
Light Crossbow,Bow
Light Crossbow,Crossbow
Lightning Bolt,Anor Londo
Lightning Bolt,Bow
Lightning Bolt,Crossbow
Lightning Bolt,Giant Blacksmith
Lightning Spear,Spear
Lightning Spear,Spear
Lightning Spear,Warrior of Sunlight
Lingering Dragoncrest Ring,Dragon School
Lingering Dragoncrest Ring,Grant
Lingering Dragoncrest Ring,Vinheim
Lingering Dragoncrest Ring,Vinheim Dragon School
Lingering Dragoncrest Ring,Vinheim Dragon School
Lloyd's Talisman, Allfather Lloyd
Lloyd's Talisman,Lloyd
Lloyd's Talisman,Talisman
Lloyd's Talisman,Talisman
Lloyd's Talisman,Talisman
Lloyd's Talisman,Undead
Lloyd's Talisman,Undead
Logan's Catalyst,Big Hat
Logan's Catalyst,Big Hat
Logan's Catalyst,Big Hat Logan
Logan's Catalyst,Big Hat Logan
Logan's Catalyst,Catalyst
Logan's Catalyst,Catalyst
Logan's Catalyst,Logan
Logan's Catalyst,Logan
Logan's Catalyst,Vinheim
Logan's Catalyst,Vinheim
Longbow,Bow
Longsword,Shortsword
Longsword,Straight Sword
Lord's Blade Gloves,Ciaran
Lord's Blade Gloves,Dark
Lord's Blade Gloves,Gwyn
Lord's Blade Gloves,Gwyn's Four Knights
Lord's Blade Gloves,Lord's Blade Ciaran
Lord's Blade Gloves,Lord's Blades
Lord's Blade Robe,Ciaran
Lord's Blade Robe,Dark
Lord's Blade Robe,Gwyn
Lord's Blade Robe,Gwyn's Four Knights
Lord's Blade Robe,Lord's Blade Ciaran
Lord's Blade Robe,Lord's Blades
Lord's Blade Waistcloth,Ciaran
Lord's Blade Waistcloth,Dark
Lord's Blade Waistcloth,Gwyn
Lord's Blade Waistcloth,Gwyn's Four Knights
Lord's Blade Waistcloth,Lord's Blade Ciaran
Lord's Blade Waistcloth,Lord's Blades
Lordvessel,Chosen Undead
Lordvessel,Fina
Lordvessel,Firelink Altar
Lordvessel,Grant
Lordvessel,Gwyn
Lordvessel,Lord Gwyn
Lordvessel,Sen
Lordvessel,Soul
Lordvessel,Undead
Lordvessel,Undead
Lucerne,Club
Lucerne,Halberd
Lucerne,Halberd
Lucerne,Spear
Lucerne,Spear
Mace,Hammer
Magic Barrier,Havel
Magic Barrier,Havel the Rock
Magic Shield,Small Shield
Magic Weapon,Magic Shield
Magic Weapon,Vinheim
Mail Breaker,Sin
Mail Breaker,Thrusting sword
Man-serpent Greatsword,Greatsword
Man-serpent Greatsword,Greatsword
Man-serpent Greatsword,Sen
Man-serpent Greatsword,Sen's Fortress
Man-serpent Greatsword,Sin
Manus Catalyst,Abyss
Manus Catalyst,Abyss
Manus Catalyst,Catalyst
Manus Catalyst,Catalyst
Manus Catalyst,Manus
Manus Catalyst,Manus
Manus Catalyst,"Manus, Father of the Abyss"
Manus Catalyst,"Manus, Father of the Abyss"
Manus Catalyst,Soul
Manus Catalyst,Soul
Manus Catalyst,Soul of Manus
Manus Catalyst,Soul of Manus
Manus Catalyst,Tin Crystallization Catalyst
Manus Catalyst,Tin Crystallization Catalyst
Manus Catalyst,Tin Crystallization Catalyst
Manus Catalyst,Tin Crystallization Catalyst
Mask of Velka,Goddess of Sin
Mask of Velka,Pardoners
Mask of Velka,Sin
Mask of Velka,Velka
Mask of the Child,Pinwheel
Mask of the Child,The Catacombs
Mask of the Father,Pinwheel
Mask of the Father,The Catacombs
Mask of the Mother,Pinwheel
Mask of the Mother,The Catacombs
Mask of the Sealer,Dark
Mask of the Sealer,Darkwraith
Mask of the Sealer,Darkwraiths
Mask of the Sealer,Four Kings
Mask of the Sealer,New Londo
Master Key,Undead
Master Key,Undead
Moonlight Arrow,Dark
Moonlight Arrow,Dark Sun Gwyndolin
Moonlight Arrow,Grant
Moonlight Arrow,Gwyn
Moonlight Arrow,Gwyndolin
Moonlight Arrow,Lord Gwyn
Moonlight Butterfly Horn,Dark
Moonlight Butterfly Horn,Darkroot Garden
Moonlight Butterfly Horn,Seath
Moonlight Gloves,Anor Londo
Moonlight Gloves,Dark
Moonlight Gloves,Dark Sun Gwyndolin
Moonlight Gloves,Gwyn
Moonlight Gloves,Gwyndolin
Moonlight Gloves,Physical
Moonlight Gloves,Physical
Moonlight Greatsword,Seath
Moonlight Greatsword,Seath the Scaleless
Moonlight Robe,Anor Londo
Moonlight Robe,Dark
Moonlight Robe,Dark Sun Gwyndolin
Moonlight Robe,Gwyn
Moonlight Robe,Gwyndolin
Moonlight Robe,Physical
Moonlight Robe,Physical
Moonlight Waistcloth,Anor Londo
Moonlight Waistcloth,Dark
Moonlight Waistcloth,Dark Sun Gwyndolin
Moonlight Waistcloth,Gwyn
Moonlight Waistcloth,Gwyndolin
Moonlight Waistcloth,Physical
Moonlight Waistcloth,Physical
Morning Star,Hammer
Morning Star,Pike
Murakumo,Curved sword
Murakumo,Eastern Land
Murakumo,Katana
Murakumo,Sin
Notched Whip,Pike
Notched Whip,Whip
Notched Whip,Whip
Obsidian Greatsword,Axe
Obsidian Greatsword,Black Dragon Kalameet
Obsidian Greatsword,Greataxe
Obsidian Greatsword,Greataxe
Obsidian Greatsword,Kalameet
Oolacile Catalyst,Catalyst
Oolacile Catalyst,Catalyst
Oolacile Catalyst,Oolacile
Oolacile Catalyst,Oolacile
Oolacile Catalyst,Whitebark
Oolacile Catalyst,Whitebark
Oolacile Ivory Catalyst,Catalyst
Oolacile Ivory Catalyst,Catalyst
Oolacile Ivory Catalyst,Oolacile
Oolacile Ivory Catalyst,Oolacile
Oolacile Ivory Catalyst,Whitebark
Oolacile Ivory Catalyst,Whitebark
Orange Charred Ring,Sin
Orange Guidance Soapstone,Lordran
Orange Guidance Soapstone,Undead
Orange Guidance Soapstone,Undead
Ornstein's Armor,Anor Londo
Ornstein's Armor,Ornstein
Ornstein's Gauntlets,Anor Londo
Ornstein's Gauntlets,Gauntlet
Ornstein's Gauntlets,Ornstein
Ornstein's Helm,Anor Londo
Ornstein's Helm,Ornstein
Ornstein's Leggings,Anor Londo
Ornstein's Leggings,Ornstein
Painting Guardian Gloves,Anor Londo
Painting Guardian Gloves,Ariamis
Painting Guardian Gloves,Sin
Painting Guardian Hood,Anor Londo
Painting Guardian Hood,Ariamis
Painting Guardian Hood,Sin
Painting Guardian Robe,Anor Londo
Painting Guardian Robe,Ariamis
Painting Guardian Robe,Sin
Painting Guardian Sword,Anor Londo
Painting Guardian Sword,Curved sword
Painting Guardian Sword,Painting Guards
Painting Guardian Waistcloth,Anor Londo
Painting Guardian Waistcloth,Ariamis
Painting Guardian Waistcloth,Sin
Paladin Armor,Gods
Paladin Armor,Grant
Paladin Armor,Leeroy
Paladin Armor,Lordran
Paladin Armor,Sanctus
Paladin Armor,The Catacombs
Paladin Armor,Undead
Paladin Armor,Undead
Paladin Armor,Undead mission
Paladin Armor,Way of White
Paladin Gauntlets,Gauntlet
Paladin Gauntlets,Gods
Paladin Gauntlets,Grant
Paladin Gauntlets,Leeroy
Paladin Gauntlets,Lordran
Paladin Gauntlets,Sanctus
Paladin Gauntlets,The Catacombs
Paladin Gauntlets,Undead
Paladin Gauntlets,Undead
Paladin Gauntlets,Undead mission
Paladin Gauntlets,Way of White
Paladin Helm,Gods
Paladin Helm,Grant
Paladin Helm,Leeroy
Paladin Helm,Lordran
Paladin Helm,Sanctus
Paladin Helm,The Catacombs
Paladin Helm,Undead
Paladin Helm,Undead
Paladin Helm,Undead mission
Paladin Helm,Way of White
Paladin Leggings,Gods
Paladin Leggings,Grant
Paladin Leggings,Leeroy
Paladin Leggings,Lordran
Paladin Leggings,Sanctus
Paladin Leggings,The Catacombs
Paladin Leggings,Undead
Paladin Leggings,Undead
Paladin Leggings,Undead mission
Paladin Leggings,Way of White
Parrying Dagger,Carim
Parrying Dagger,Dagger
Parrying Dagger,Dagger
Partizan,Spear
Partizan,Spear
Pharis's Hat,Gough
Pharis's Hat,Gwyn
Pharis's Hat,Hawkeye Gough
Pharis's Hat,Lord Gwyn
Pharis's Hat,Pharis
Pickaxe,Axe
Pierce Shield,Catarina
Pike,Spear
Pike,Spear
Poison Arrow,Sin
Poison Mist,Eingyi
Poison Mist,Great Swamp
Poison Mist,Undead
Poison Mist,Undead
Poisonbite Ring,Arstor
Poisonbite Ring,Carim
Porcelain Mask,Ciaran
Porcelain Mask,Gwyn
Porcelain Mask,Gwyn's Four Knights
Porcelain Mask,Lord's Blade Ciaran
Porcelain Mask,Lord's Blades
Power Within,Carmina
Power Within,Force
Priest's Hat,Lordran
Priest's Hat,Thorolund
Priest's Hat,Way of White
Priscilla's Dagger,Ariamis
Priscilla's Dagger,Lifehunt
Priscilla's Dagger,Painted World of Ariamis
Priscilla's Dagger,Painting Guardians
Priscilla's Dagger,Priscilla
Priscilla's Dagger,Sin
Prism Stone,Bow
Prism Stone,Sin
Purging Stone,Arstor
Purging Stone,Carim
Purging Stone,Sin
Purple Coward's Crystal,Anor Londo
Purple Coward's Crystal,Battle of Stoicism
Purple Coward's Crystal,Sen
Pursuers,Abyss
Pursuers,Dark
Pursuers,Grant
Pursuers,Humanity
Pursuers,Humanity
Pursuers,Manus
Pursuers,"Manus, Father of the Abyss"
Pyromancy Flame,Great Swamp
Pyromancy Flame,Izalith
Pyromancy Flame,Pyromancers
Pyromancy Flame,Pyromancy Flame
Pyromancy Flame,Quelana
Pyromancy Flame,Quelana of Izalith
Quelaag's Furysword,Curved sword
Quelaag's Furysword,Humanity
Quelaag's Furysword,Humanity
Quelaag's Furysword,Izalith
Quelaag's Furysword,Pike
Quelaag's Furysword,Quelaag
Quelaag's Furysword,Soul
Quelaag's Furysword,Soul of Quelaag
Quelaag's Furysword,Witch of Izalith
Rapier,Thrusting sword
Rare Ring of Sacrifice,Goddess of Sin
Rare Ring of Sacrifice,Sin
Rare Ring of Sacrifice,Velka
Red & White Round Shield,Archtree
Red & White Round Shield,Archtrees
Red & White Round Shield,Lordran
Red & White Round Shield,Wooden Shield
Red Eye Orb,Dark
Red Eye Orb,Darkwraith
Red Eye Orb,Darkwraiths
Red Eye Orb,Hollow
Red Eye Orb,Humanity
Red Eye Orb,Humanity
Red Eye Orb,Kaathe
Red Sign Soapstone,Dark
Red Sign Soapstone,Darkwraith
Red Sign Soapstone,Darkwraiths
Red Sign Soapstone,Hollow
Red Sign Soapstone,Humanity
Red Sign Soapstone,Humanity
Red Tearstone Ring,Carim
Red Tearstone Ring,Sen
Red Titanite Chunk,Force
Red Titanite Chunk,Lordran
Red Titanite Chunk,Titanite Chunk
Red Titanite Slab,Force
Red Titanite Slab,Gods
Red Titanite Slab,Nameless Blacksmith Deity
Red Titanite Slab,Titanite Slab
Reinforced Club,Club
Reinforced Club,Force
Reinforced Club,Undead
Reinforced Club,Undead
Remedy,Blighttown
Remedy,Heal
Remedy,New Londo
Remedy,Yulva
Repair,Oolacile
Repair,Repair Powder
Repair Powder,Repair
Repair Powder,Repairbox
Repairbox,Repair
Repairbox,Repair Powder
Residence Key,Undead
Residence Key,Undead
Residence Key,Undead Burg
Resist Curse,Humanity
Resist Curse,Humanity
Resist Curse,New Londo
Resist Curse,Sin
Ricard's Rapier,Rapier
Ricard's Rapier,Ricard
Ricard's Rapier,Sen
Ricard's Rapier,Undead
Ricard's Rapier,Undead
Ricard's Rapier,Undead Prince Ricard
Ring of Blind Ghosts,New Londo
Ring of Condemnation,Goddess of Sin
Ring of Condemnation,Grant
Ring of Condemnation,Sin
Ring of Condemnation,Velka
Ring of Displacement,New Londo
Ring of Favor and Protection,Fina
Ring of Fog,Alvina
Ring of Fog,Sen
Ring of Sacrifice,Goddess of Sin
Ring of Sacrifice,Sin
Ring of Sacrifice,Velka
Ring of Steel Protection,Grant
Ring of Steel Protection,Knight King Rendal
Ring of Steel Protection,Physical
Ring of Steel Protection,Physical
Ring of Steel Protection,Rendal
Ring of the Evil Eye,Astora
Ring of the Evil Eye,Dark
Ring of the Sun Princess,Anor Londo
Ring of the Sun Princess,Flame God Flann
Ring of the Sun Princess,Flann
Ring of the Sun Princess,Grant
Ring of the Sun Princess,Gwyn
Ring of the Sun Princess,Gwynevere
Ring of the Sun Princess,Lord Gwyn
Ring of the Sun Princess,Princess of Sunlight
Ring of the Sun's Firstborn,God of War
Ring of the Sun's Firstborn,Gwyn
Ring of the Sun's Firstborn,Lord Gwyn
Ring of the Sun's Firstborn,Lord Gwyn's Firstborn
Rite of Kindling,Hollow
Rite of Kindling,Humanity
Rite of Kindling,Humanity
Rite of Kindling,Kindling
Rite of Kindling,Undead
Rite of Kindling,Undead
Robe of the Channelers,Channelers
Robe of the Channelers,Seath
Robe of the Channelers,Seath the Scaleless
Robe of the Channelers,Snatchers
Robe of the Great Lord,Greatsword
Robe of the Great Lord,Greatsword
Robe of the Great Lord,Gwyn
Robe of the Great Lord,Lord Gwyn
Robe of the Great Lord,Lord of Cinder
Robe of the Great Lord,Soul
Rotten Pine Resin,Sin
Royal Helm,The Catacombs
Royal Helm,Vamos
Sack,Depths
Sack,Undead
Sack,Undead
Sage Robe,Big Hat
Sage Robe,Big Hat Logan
Sage Robe,Dragon School
Sage Robe,Logan
Sanctus,Grant
Sanctus,Undead
Sanctus,Undead
Sanctus,Way of White
Scimitar,Curved sword
Scythe,Halberd
Scythe,Halberd
Seek Guidance,Undead
Seek Guidance,Undead
Seek Guidance,Undead mission
Servant Roster,Daughter of Chaos
Servant Roster,Eingyi
Servant Roster,Humanity
Servant Roster,Humanity
Server,Curved Greatsword
Server,Greatsword
Server,Greatsword
Sewer Chamber Key,Depths
Sewer Chamber Key,Undead
Sewer Chamber Key,Undead
Shadow Garb,Eastern Land
Shadow Gauntlets,Eastern Land
Shadow Gauntlets,Gauntlet
Shadow Leggings,Eastern Land
Shadow Mask,Eastern Land
Short Bow,Bow
Shortsword,Longsword
Shortsword,Straight Sword
Shotel,Arstor
Shotel,"Arstor, Earl of Carim"
Shotel,Carim
Shotel,Curved sword
Silver Coin,Knight King Rendal
Silver Coin,Lordran
Silver Coin,Rendal
Silver Coin,Soul
Silver Knight Armor,Anor Londo
Silver Knight Armor,Gwyn
Silver Knight Armor,Lord Gwyn
Silver Knight Armor,Silver Knights
Silver Knight Gauntlets,Anor Londo
Silver Knight Gauntlets,Gauntlet
Silver Knight Gauntlets,Gwyn
Silver Knight Gauntlets,Lord Gwyn
Silver Knight Gauntlets,Silver Knights
Silver Knight Helm,Anor Londo
Silver Knight Helm,Gwyn
Silver Knight Helm,Lord Gwyn
Silver Knight Helm,Silver Knights
Silver Knight Leggings,Anor Londo
Silver Knight Leggings,Gwyn
Silver Knight Leggings,Lord Gwyn
Silver Knight Leggings,Silver Knights
Silver Knight Shield,Anor Londo
Silver Knight Shield,Illusory Goddess
Silver Knight Shield,Silver Knights
Silver Knight Spear,Anor Londo
Silver Knight Spear,Silver Knights
Silver Knight Spear,Sin
Silver Knight Spear,Spear
Silver Knight Spear,Spear
Silver Knight Straight Sword,Anor Londo
Silver Knight Straight Sword,Silver Knights
Silver Knight Straight Sword,Sin
Silver Pendant,Abyss
Silver Pendant,Anor Londo
Silver Pendant,Artorias
Silver Pendant,Dark
Silver Pendant,Sen
Six-Eyed Helm of the Channelers,Channelers
Six-Eyed Helm of the Channelers,Seath
Six-Eyed Helm of the Channelers,Seath the Scaleless
Skull Lantern,Lantern
Skull Lantern,Nito
Skull Lantern,The Catacombs
Skull Lantern,Tomb of the Giants
Slumbering Dragoncrest Ring,Dragon School
Slumbering Dragoncrest Ring,Vinheim
Slumbering Dragoncrest Ring,Vinheim Dragon School
Slumbering Dragoncrest Ring,Vinheim Dragon School
Small Leather Shield,Force
Small Leather Shield,Small Shield
Smough's Armor,Anor Londo
Smough's Armor,Smough
Smough's Gauntlets,Anor Londo
Smough's Gauntlets,Gauntlet
Smough's Gauntlets,Smough
Smough's Hammer,Anor Londo
Smough's Hammer,Executioner Smough
Smough's Hammer,Great Hammer
Smough's Hammer,Hammer
Smough's Hammer,Smough
Smough's Hammer,Soul
Smough's Helm,Anor Londo
Smough's Helm,Smough
Smough's Leggings,Anor Londo
Smough's Leggings,Smough
Snickering Top Hat,Marvellous Chester
Sniper Bolt,Bow
Sniper Bolt,Crossbow
Sniper Bolt,Sniper Crossbow
Sniper Crossbow,Bow
Sniper Crossbow,Carim
Sniper Crossbow,Crossbow
Sniper Crossbow,Sniper Bolt
Soothing Sunlight,Grant
Soothing Sunlight,Gwyn
Soothing Sunlight,Gwynevere
Soothing Sunlight,Sin
Sorcerer Boots,Dragon School
Sorcerer Boots,Vinheim
Sorcerer Boots,Vinheim Dragon School
Sorcerer Boots,Vinheim Dragon School
Sorcerer Cloak,Dragon School
Sorcerer Cloak,Vinheim
Sorcerer Cloak,Vinheim Dragon School
Sorcerer Cloak,Vinheim Dragon School
Sorcerer Gauntlets,Dragon School
Sorcerer Gauntlets,Gauntlet
Sorcerer Gauntlets,Vinheim
Sorcerer Gauntlets,Vinheim Dragon School
Sorcerer Gauntlets,Vinheim Dragon School
Sorcerer Hat,Dragon School
Sorcerer Hat,Vinheim
Sorcerer Hat,Vinheim Dragon School
Sorcerer Hat,Vinheim Dragon School
Sorcerer's Catalyst,Catalyst
Sorcerer's Catalyst,Catalyst
Sorcerer's Catalyst,Dragon School
Sorcerer's Catalyst,Dragon School
Sorcerer's Catalyst,Vinheim
Sorcerer's Catalyst,Vinheim
Sorcerer's Catalyst,Vinheim Dragon School
Sorcerer's Catalyst,Vinheim Dragon School
Sorcerer's Catalyst,Vinheim Dragon School
Sorcerer's Catalyst,Vinheim Dragon School
Soul Arrow,Physical
Soul Arrow,Physical
Soul Arrow,Soul
Soul Spear,Big Hat
Soul Spear,Big Hat Logan
Soul Spear,Gwyn
Soul Spear,Logan
Soul Spear,Lord Gwyn
Soul Spear,Soul
Soul Spear,Spear
Soul Spear,Spear
Soul of Artorias,Abyss
Soul of Artorias,Artorias
Soul of Artorias,Gwyn
Soul of Artorias,Knight Artorias
Soul of Artorias,Lord Gwyn
Soul of Artorias,Soul
Soul of Bed of Chaos,Age of Fire
Soul of Bed of Chaos,Izalith
Soul of Bed of Chaos,Lordvessel
Soul of Bed of Chaos,Soul
Soul of Bed of Chaos,Witch of Izalith
Soul of Gravelord Nito,Age of Fire
Soul of Gravelord Nito,Gravelord Nito
Soul of Gravelord Nito,Lordvessel
Soul of Gravelord Nito,Nito
Soul of Gravelord Nito,Soul
"Soul of Gwyn, Lord of Cinder",Gods
"Soul of Gwyn, Lord of Cinder",Gwyn
"Soul of Gwyn, Lord of Cinder",Lord Gwyn
"Soul of Gwyn, Lord of Cinder",Lord of Sunlight and Cinder
"Soul of Gwyn, Lord of Cinder",Soul
Soul of Gwyndolin,Anor Londo
Soul of Gwyndolin,Dark
Soul of Gwyndolin,Darkmoon
Soul of Gwyndolin,Gwyn
Soul of Gwyndolin,Gwyndolin
Soul of Gwyndolin,Soul
Soul of Manus,Abyss
Soul of Manus,Broken Pendant
Soul of Manus,Humanity
Soul of Manus,Humanity
Soul of Manus,Manus
Soul of Manus,"Manus, Father of the Abyss"
Soul of Manus,Pendant
Soul of Manus,Soul
Soul of Ornstein,Anor Londo
Soul of Ornstein,Grant
Soul of Ornstein,Gwyn
Soul of Ornstein,Lord Gwyn
Soul of Ornstein,Ornstein
Soul of Ornstein,Soul
Soul of Priscilla,Ariamis
Soul of Priscilla,Painted World of Ariamis
Soul of Priscilla,Priscilla
Soul of Priscilla,Soul
Soul of Quelaag,Izalith
Soul of Quelaag,Quelaag
Soul of Quelaag,Soul
Soul of Quelaag,Witch of Izalith
Soul of Seath the Scaleless,Age of Fire
Soul of Seath the Scaleless,Gwyn
Soul of Seath the Scaleless,Lord Gwyn
Soul of Seath the Scaleless,Lordvessel
Soul of Seath the Scaleless,Seath
Soul of Seath the Scaleless,Seath the Scaleless
Soul of Seath the Scaleless,Soul
Soul of Sif,Abyss
Soul of Sif,Abysswalker
Soul of Sif,Artorias
Soul of Sif,Sif
Soul of Sif,Soul
Soul of Smough,Anor Londo
Soul of Smough,Smough
Soul of Smough,Soul
Soul of a Brave Warrior,Hollow
Soul of a Brave Warrior,Soul
Soul of a Brave Warrior,Undead
Soul of a Brave Warrior,Undead
Soul of a Great Hero,Hollow
Soul of a Great Hero,Soul
Soul of a Great Hero,Soul of a Hero
Soul of a Great Hero,Undead
Soul of a Great Hero,Undead
Soul of a Hero,Hollow
Soul of a Hero,Soul
Soul of a Hero,Undead
Soul of a Hero,Undead
Soul of a Lost Undead,Hollow
Soul of a Lost Undead,Soul
Soul of a Lost Undead,Undead
Soul of a Lost Undead,Undead
Soul of a Nameless Soldier,Hollow
Soul of a Nameless Soldier,Soul
Soul of a Nameless Soldier,Undead
Soul of a Nameless Soldier,Undead
Soul of a Proud Knight,Hollow
Soul of a Proud Knight,Soul
Soul of a Proud Knight,Undead
Soul of a Proud Knight,Undead
Soul of the Four Kings,Age of Fire
Soul of the Four Kings,Dark
Soul of the Four Kings,Four Kings
Soul of the Four Kings,Grant
Soul of the Four Kings,Gwyn
Soul of the Four Kings,Lord Gwyn
Soul of the Four Kings,Lordvessel
Soul of the Four Kings,New Londo
Soul of the Four Kings,Soul
Soul of the Moonlight Butterfly,Dark
Soul of the Moonlight Butterfly,Darkroot Garden
Soul of the Moonlight Butterfly,Seath
Soul of the Moonlight Butterfly,Seath the Scaleless
Soul of the Moonlight Butterfly,Soul
Souvenir of Reprisal,Dark
Souvenir of Reprisal,Darkmoon
Souvenir of Reprisal,Gods
Spear,Spear
Speckled Stoneplate Ring,Grant
Spell Stoneplate Ring,Grant
Spell Stoneplate Ring,Soul
Spiked Shield,Dark
Spiked Shield,Darkwraith
Spiked Shield,Kirk
Spiked Shield,"Kirk, Knight of Thorns"
Spiked Shield,Knight of Thorns
Spiked Shield,Pike
Standard Bolt,Bow
Standard Bolt,Crossbow
Standard Bolt,Light Crossbow
Standard Helm,Physical
Standard Helm,Physical
Steel Armor,Berenike
Steel Armor,Hollow
Steel Armor,Knights of Berenike
Steel Armor,Lordran
Steel Armor,Undead
Steel Armor,Undead
Steel Gauntlets,Berenike
Steel Gauntlets,Gauntlet
Steel Gauntlets,Hollow
Steel Gauntlets,Knights of Berenike
Steel Gauntlets,Lordran
Steel Gauntlets,Undead
Steel Gauntlets,Undead
Steel Helm,Berenike
Steel Helm,Hollow
Steel Helm,Knights of Berenike
Steel Helm,Lordran
Steel Helm,Undead
Steel Helm,Undead
Steel Leggings,Berenike
Steel Leggings,Hollow
Steel Leggings,Knights of Berenike
Steel Leggings,Lordran
Steel Leggings,Undead
Steel Leggings,Undead
Stone Armor,Dark
Stone Armor,Darkroot Garden
Stone Gauntlets,Dark
Stone Gauntlets,Darkroot Garden
Stone Gauntlets,Gauntlet
Stone Greataxe,Axe
Stone Greataxe,Greataxe
Stone Greataxe,Greataxe
Stone Greatshield,Dark
Stone Greatshield,Darkroot Garden
Stone Greatshield,Greatshield
Stone Greatsword,Dark
Stone Greatsword,Darkroot Garden
Stone Greatsword,Greatsword
Stone Greatsword,Greatsword
Stone Helm,Dark
Stone Helm,Darkroot Garden
Stone Leggings,Dark
Stone Leggings,Darkroot Garden
Straight Sword Hilt,Undead
Straight Sword Hilt,Undead
Straight Sword Hilt,Undead Asylum
Strong Magic Shield,Dragon School
Strong Magic Shield,Grant
Strong Magic Shield,Greatshield
Strong Magic Shield,Magic Shield
Strong Magic Shield,Vinheim
Strong Magic Shield,Vinheim Dragon School
Strong Magic Shield,Vinheim Dragon School
Sunlight Blade,Fina
Sunlight Blade,Gwyn
Sunlight Blade,Lord Gwyn
Sunlight Blade,Lord Gwyn's Firstborn
Sunlight Maggot,Izalith
Sunlight Maggot,Lost Izalith
Sunlight Medal,God of War
Sunlight Medal,Gwyn
Sunlight Medal,Lord Gwyn
Sunlight Medal,Lord Gwyn's Firstborn
Sunlight Medal,Sen
Sunlight Medal,Warrior of Sunlight
Sunlight Shield,Astora
Sunlight Shield,Knight of Sunlight
Sunlight Shield,Solaire
Sunlight Shield,Solaire of Astora
Sunlight Spear,Age of Fire
Sunlight Spear,Gwyn
Sunlight Spear,Soul
Sunlight Spear,Spear
Sunlight Spear,Spear
Sunlight Straight Sword,Astora
Sunlight Straight Sword,Longsword
Sunlight Straight Sword,Repair
Sunlight Straight Sword,Solaire
Sunlight Straight Sword,Solaire of Astora
Sunlight Talisman,Astora
Sunlight Talisman,Astora
Sunlight Talisman,Gods
Sunlight Talisman,Gods
Sunlight Talisman,Knight of Sunlight
Sunlight Talisman,Knight of Sunlight
Sunlight Talisman,Solaire
Sunlight Talisman,Solaire
Sunlight Talisman,Solaire of Astora
Sunlight Talisman,Solaire of Astora
Sunlight Talisman,Talisman
Sunlight Talisman,Talisman
Sunlight Talisman,Talisman
Sunlight Talisman,Talisman
Sunlight Talisman,Talisman
Sunlight Talisman,Talisman
Symbol of Avarice,Sin
Symbol of Avarice,Soul
Talisman,Gods
Talisman,Gods
Talisman,Talisman
Talisman,Talisman
Talisman,Talisman
Talisman,Talisman
Target Shield,Small Shield
Tattered Cloth Hood,Force
Tattered Cloth Hood,Great Swamp
Tattered Cloth Hood,Pyromancers
Tattered Cloth Manchette,Force
Tattered Cloth Manchette,Great Swamp
Tattered Cloth Manchette,Pyromancers
Tattered Cloth Robe,Force
Tattered Cloth Robe,Great Swamp
Tattered Cloth Robe,Pyromancers
Thief Mask,Sin
Thorolund Talisman,Gods
Thorolund Talisman,Gods
Thorolund Talisman,Grant
Thorolund Talisman,Grant
Thorolund Talisman,Talisman
Thorolund Talisman,Talisman
Thorolund Talisman,Talisman
Thorolund Talisman,Talisman
Thorolund Talisman,Talisman
Thorolund Talisman,Talisman
Thorolund Talisman,Thorolund
Thorolund Talisman,Thorolund
Throwing Knife,Undead
Throwing Knife,Undead
Thunder Stoneplate Ring,Grant
Tin Banishment Catalyst,Catalyst
Tin Banishment Catalyst,Catalyst
Tin Banishment Catalyst,Dark
Tin Banishment Catalyst,Dark
Tin Banishment Catalyst,Darkwraith
Tin Banishment Catalyst,Darkwraith
Tin Banishment Catalyst,Darkwraiths
Tin Banishment Catalyst,Darkwraiths
Tin Banishment Catalyst,New Londo
Tin Banishment Catalyst,New Londo
Tin Banishment Catalyst,Physical
Tin Banishment Catalyst,Physical
Tin Banishment Catalyst,Physical
Tin Banishment Catalyst,Physical
Tin Crystallization Catalyst,Catalyst
Tin Crystallization Catalyst,Catalyst
Tin Crystallization Catalyst,Logan
Tin Crystallization Catalyst,Logan
Tin Crystallization Catalyst,Seath
Tin Crystallization Catalyst,Seath
Tin Darkmoon Catalyst,Anor Londo
Tin Darkmoon Catalyst,Anor Londo
Tin Darkmoon Catalyst,Catalyst
Tin Darkmoon Catalyst,Catalyst
Tin Darkmoon Catalyst,Dark
Tin Darkmoon Catalyst,Dark
Tin Darkmoon Catalyst,Dark Sun Gwyndolin
Tin Darkmoon Catalyst,Dark Sun Gwyndolin
Tin Darkmoon Catalyst,Darkmoon
Tin Darkmoon Catalyst,Darkmoon
Tin Darkmoon Catalyst,Gods
Tin Darkmoon Catalyst,Gods
Tin Darkmoon Catalyst,Gwyn
Tin Darkmoon Catalyst,Gwyn
Tin Darkmoon Catalyst,Gwyndolin
Tin Darkmoon Catalyst,Gwyndolin
Tin Darkmoon Catalyst,Soul
Tin Darkmoon Catalyst,Soul
Tiny Being's Ring,Grant
Titanite Catch Pole,Titanite Slab
Titanite Chunk,Force
Titanite Chunk,Lordran
Titanite Shard,Force
Titanite Slab,Force
Titanite Slab,Gods
Titanite Slab,Nameless Blacksmith Deity
Tower Shield,Berenike
Tower Shield,Greatshield
Tower Shield,Knight Berenike
Toxic Mist,Eingyi
Toxic Mist,Great Swamp
Toxic Mist,Poison Mist
Tranquil Walk of Peace,Way of White
Traveling Boots,Big Hat
Traveling Boots,Big Hat Logan
Traveling Boots,Logan
Traveling Gloves,Big Hat
Traveling Gloves,Big Hat Logan
Traveling Gloves,Logan
Twin Humanities,Humanity
Twin Humanities,Humanity
Twin Humanities,Soul
Twinkling Titanite,Force
Uchigatana,Eastern Land
Uchigatana,Katana
Undead Asylum F2 East Key,Undead
Undead Asylum F2 East Key,Undead
Undead Asylum F2 East Key,Undead Asylum
Undead Asylum F2 West Key,Lordran
Undead Asylum F2 West Key,Undead
Undead Asylum F2 West Key,Undead
Undead Asylum F2 West Key,Undead Asylum
Undead Rapport,Izalith
Undead Rapport,Quelana
Undead Rapport,Quelana of Izalith
Undead Rapport,Undead
Undead Rapport,Undead
Velka's Rapier,Goddess of Sin
Velka's Rapier,Sin
Velka's Rapier,Thrusting sword
Velka's Rapier,Velka
Velka's Rapier,"Velka, Goddess of Sin"
Velka's Talisman,Goddess of Sin
Velka's Talisman,Goddess of Sin
Velka's Talisman,Gods
Velka's Talisman,Gods
Velka's Talisman,Sin
Velka's Talisman,Sin
Velka's Talisman,Talisman
Velka's Talisman,Talisman
Velka's Talisman,Talisman
Velka's Talisman,Talisman
Velka's Talisman,Talisman
Velka's Talisman,Talisman
Velka's Talisman,Velka
Velka's Talisman,Velka
Velka's Talisman,"Velka, Goddess of Sin"
Velka's Talisman,"Velka, Goddess of Sin"
Very Large Ember,Astora
Very Large Ember,Force
Vow of Silence,Goddess of Sin
Vow of Silence,Gods
Vow of Silence,Sin
Vow of Silence,Velka
Waistcloth of the Channelers,Channelers
Waistcloth of the Channelers,Seath
Waistcloth of the Channelers,Seath the Scaleless
Waistcloth of the Channelers,Snatchers
Warpick,Axe
Warpick,Hammer
Warpick,Pickaxe
Warrior's Round Shield,Archtree
Warrior's Round Shield,Archtrees
Warrior's Round Shield,Axe
Warrior's Round Shield,Lordran
Warrior's Round Shield,Wooden Shield
Washing Pole,Eastern Land
Washing Pole,Katana
Watchtower Basement Key,Hollow
Watchtower Basement Key,Undead
Watchtower Basement Key,Undead
Watchtower Basement Key,Undead Burg
Weapon Smithbox,Force
Whip,Whip
White Dragon Breath,Big Hat
White Dragon Breath,Logan
White Dragon Breath,Seath
White Dragon Breath,Seath the Scaleless
White Seance Ring, Allfather Lloyd
White Seance Ring,Grant
White Seance Ring,Gwyn
White Seance Ring,Lloyd
White Seance Ring,Lord Gwyn
White Seance Ring,Thorolund
White Seance Ring,Way of White
White Sign Soapstone,Hollow
White Sign Soapstone,Humanity
White Sign Soapstone,Humanity
White Sign Soapstone,Lordran
White Sign Soapstone,Undead
White Sign Soapstone,Undead
White Titanite Chunk,Force
White Titanite Chunk,Lordran
White Titanite Chunk,Titanite Chunk
White Titanite Slab,Force
White Titanite Slab,Gods
White Titanite Slab,Nameless Blacksmith Deity
White Titanite Slab,Titanite Slab
Winged Spear,Spear
Winged Spear,Spear
Witch Cloak,Abyss
Witch Cloak,Beatrice
Witch Cloak,Catalyst
Witch Cloak,Dragon School
Witch Cloak,Witch Beatrice
Witch Gloves,Abyss
Witch Gloves,Beatrice
Witch Gloves,Catalyst
Witch Gloves,Dragon School
Witch Gloves,Witch Beatrice
Witch Hat,Abyss
Witch Hat,Beatrice
Witch Hat,Catalyst
Witch Hat,Dragon School
Witch Hat,Witch Beatrice
Witch Skirt,Abyss
Witch Skirt,Beatrice
Witch Skirt,Catalyst
Witch Skirt,Dragon School
Witch Skirt,Witch Beatrice
Wolf Ring,Abyss
Wolf Ring,Abysswalker
Wolf Ring,Artorias
Wolf Ring,Four Knights of Gwyn
Wolf Ring,Grant
Wolf Ring,Greatsword
Wolf Ring,Greatsword
Wolf Ring,Gwyn
Wooden Arrow,Standard Arrow
Wooden Shield,Physical
Wooden Shield,Physical
Wrath of the Gods,Force
Wrath of the Gods,Gods
Xanthous Crown,Jeremiah
Xanthous Crown,Xanthous King Jeremiah
Xanthous Gloves,Jeremiah
Xanthous Gloves,Xanthous King Jeremiah
Xanthous Overcoat,Jeremiah
Xanthous Overcoat,Xanthous King Jeremiah
Xanthous Waistcloth,Jeremiah
Xanthous Waistcloth,Xanthous King Jeremiah
Zweihander,Greatsword
Zweihander,Greatsword
Zweihander,Sen