map,connection
Anor Londo,Painted World of Ariamis
Anor Londo,Sen's Fortress
Anor Londo,The Duke's Archives
Ash Lake,The Great Hollow
Battle of Stoicism,Oolacile Township
Blighttown,Depths
Blighttown,Quelaag's Domain
Blighttown,The Great Hollow
Blighttown,The Valley of Drakes
Chasm of the Abyss,Oolacile Township Dungeon
Chasm of the Abyss,Royal Wood
Crystal Cave,The Duke's Archives
Darkroot Basin,Sanctuary Garden
Darkroot Basin,The Valley of Drakes
Darkroot Basin,Undead Burg
Darkroot Basin.Darkroot Garden
Darkroot Garden,Darkroot Basin
Darkroot Garden,Undead Parish
Demon Ruins,Lost Izalith
Demon Ruins,Quelaag's Domain
Depths,Blighttown
Depths,Undead Burg
Firelink Altar,Firelink Shrine
Firelink Altar,Kiln of the First Flame
Firelink Shrine,Firelink Altar
Firelink Shrine,New Londo Ruins
Firelink Shrine,Northern Undead Asylum
Firelink Shrine,The Catacombs
Firelink Shrine,Undead Burg
Firelink Shrine,Undead Parish
Kiln of the First Flame,Firelink Altar
Lost Izalith,Demon Ruins
Lost Izalith,Quelaag's Domain
New Londo Ruins,Firelink Shrine
New Londo Ruins,The Abyss
New Londo Ruins,The Valley of Drakes
Northern Undead Asylum,Firelink Shrine
Oolacile Sanctuary,Royal Wood
Oolacile Sanctuary,Sanctuary Garden
Oolacile Township Dungeon,Chasm of the Abyss
Oolacile Township Dungeon,Oolacile Township
Oolacile Township,Battle of Stoicism
Oolacile Township,Oolacile Township Dungeon
Oolacile Township,Royal Wood
Painted World of Ariamis,Anor Londo
Quelaag's Domain,Blighttown
Quelaag's Domain,Demon Ruins
Quelaag's Domain,Lost Izalith
Royal Wood,Chasm of the Abyss
Royal Wood,Oolacile Sanctuary
Royal Wood,Oolacile Township
Sanctuary Garden,Darkroot Basin
Sanctuary Garden,Oolacile Sanctuary
Sen's Fortress,Anor Londo
Sen's Fortress,Undead Parish
The Abyss,New Londo Ruins
The Catacombs,Firelink Shrine
The Catacombs,Tomb of Giants
The Duke's Archives,Anor Londo
The Duke's Archives,Crystal Cave
The Great Hollow,Ash Lake
The Great Hollow,Blighttown
The Valley of Drakes,Blighttown
The Valley of Drakes,Darkroot Basin
The Valley of Drakes,New Londo Ruins
Tomb of Giants,The Catacombs
Undead Burg,Darkroot Basin
Undead Burg,Depths
Undead Burg,Firelink Shrine
Undead Burg,Undead Parish
Undead Parish,Darkroot Garden
Undead Parish,Firelink Shrine
Undead Parish,Sen's Fortress
Undead Parish,Undead Burg